"Participant.Private.ID","Participant.Status","Display","arm","chat","chatType","counterbalance","chat1_first","gorillaExp","good_ids","chatId","botpersonality","bots_Mixed","bots_Negative","bots_Neutral","bots_Positive","bots_mean_words","user_Mixed","user_Negative","user_Neutral","user_Positive","user_mean_words","user_mean_rt","num_interactions","gpt_user_mirror","user_gpt_mirror","chatCode","chat-again","different","similar","enjoy","distant","understood"
11566059,"complete","completionCode1","A_2PatInt_1AlexExt",1,"Extrovert","A","no","A","11566059Extrovert",4123,"Extrovert",1,0,1,29,24.9354838709677,0,0,22,9,14.4516129032258,505291.580645161,31,0.32258064516129,0.3,"11566059Extrovert",1,5,1,1,5,1
11566059,"complete","completionCode2","A_2PatInt_1AlexExt",2,"Introvert","A","no","A","11566059Introvert",4263,"Introvert",0,0,6,25,18.7096774193548,2,1,19,9,12.3225806451613,400036.258064516,31,0.354838709677419,0.4,"11566059Introvert",1,5,2,2,5,1
11566066,"complete","completionCode2","A_1AlexExt_2PatInt",2,"Introvert","A","yes","A","11566066Introvert",6589,"Introvert",1,0,9,21,15,1,0,21,9,7.48387096774194,342828.548387097,31,0.32258064516129,0.433333333333333,"11566066Introvert",2,4,2,3,4,3
11566066,"complete","completionCode1","A_1AlexExt_2PatInt",1,"Extrovert","A","yes","A","11566066Extrovert",8212,"Extrovert",0,0,3,28,21.9032258064516,3,1,17,10,10.5483870967742,446353.806451613,31,0.354838709677419,0.4,"11566066Extrovert",4,2,4,4,2,4
11566067,"complete","completionCode2","A_2PatInt_1AlexExt",2,"Introvert","A","no","A","11566067Introvert",4231,"Introvert",1,0,12,18,17.4516129032258,1,2,22,6,5.2258064516129,213950.419354839,31,0.290322580645161,0.466666666666667,"11566067Introvert",2,4,2,3,2,3
11566067,"complete","completionCode1","A_2PatInt_1AlexExt",1,"Extrovert","A","no","A","11566067Extrovert",5114,"Extrovert",0,0,2,29,16.1935483870968,1,1,21,8,4.83870967741935,227308.64516129,31,0.258064516129032,0.233333333333333,"11566067Extrovert",5,1,4,5,1,5
11566069,"complete","completionCode2","A_2PatInt_1AlexExt",2,"Introvert","A","no","A","11566069Introvert",6311,"Introvert",1,0,7,23,21.6451612903226,1,1,12,17,13.9354838709677,467000.096774194,31,0.387096774193548,0.5,"11566069Introvert",4,2,4,4,2,4
11566069,"complete","completionCode1","A_2PatInt_1AlexExt",1,"Extrovert","A","no","A","11566069Extrovert",7989,"Extrovert",0,0,3,28,23.3870967741935,0,4,11,16,15.5483870967742,429475.838709677,31,0.419354838709677,0.533333333333333,"11566069Extrovert",4,1,5,5,2,4
11566073,"complete","completionCode2","A_2PatInt_1AlexExt",2,"Introvert","A","no","A","11566073Introvert",6368,"Introvert",1,0,7,23,19.8709677419355,5,2,16,8,11.0322580645161,394579.290322581,31,0.387096774193548,0.333333333333333,"11566073Introvert",5,1,5,5,1,5
11566073,"complete","completionCode1","A_2PatInt_1AlexExt",1,"Extrovert","A","no","A","11566073Extrovert",8840,"Extrovert",0,0,1,30,27.1290322580645,0,2,22,7,7.83870967741935,306831.35483871,31,0.193548387096774,0.233333333333333,"11566073Extrovert",1,5,1,2,5,2
11566074,"complete","completionCode1","A_1AlexExt_2PatInt",1,"Extrovert","A","yes","A","11566074Extrovert",5795,"Extrovert",1,0,4,26,22.6129032258065,4,1,18,8,11.3870967741935,320718.741935484,31,0.354838709677419,0.333333333333333,"11566074Extrovert",2,4,2,4,2,2
11566074,"complete","completionCode2","A_1AlexExt_2PatInt",2,"Introvert","A","yes","A","11566074Introvert",5853,"Introvert",1,1,12,17,18.8387096774194,0,1,18,12,9.35483870967742,251694.258064516,31,0.419354838709677,0.533333333333333,"11566074Introvert",2,4,2,4,4,2
11566081,"complete","completionCode2","A_1AlexExt_2PatInt",2,"Introvert","A","yes","A","11566081Introvert",7375,"Introvert",2,0,14,15,19.6451612903226,0,1,26,4,5.16129032258065,355772.258064516,31,0.387096774193548,0.433333333333333,"11566081Introvert",5,1,5,5,1,4
11566081,"complete","completionCode1","A_1AlexExt_2PatInt",1,"Extrovert","A","yes","A","11566081Extrovert",7590,"Extrovert",0,0,5,26,16.6451612903226,0,3,25,3,4.16129032258065,276268.838709677,31,0.129032258064516,0.233333333333333,"11566081Extrovert",5,1,4,5,2,4
11566142,"complete","completionCode1","A_2PatInt_1AlexExt",1,"Extrovert","A","no","A","11566142Extrovert",2878,"Extrovert",1,0,1,29,19.9354838709677,0,0,27,4,3.61290322580645,160502.64516129,31,0.161290322580645,0.133333333333333,"11566142Extrovert",2,4,1,1,4,2
11566142,"complete","completionCode2","A_2PatInt_1AlexExt",2,"Introvert","A","no","A","11566142Introvert",9802,"Introvert",0,0,10,21,21.0967741935484,0,1,26,4,5.19354838709677,186936.387096774,31,0.354838709677419,0.433333333333333,"11566142Introvert",4,2,4,4,2,4
11566218,"complete","completionCode1","A_2PatInt_1AlexExt",1,"Extrovert","A","no","A","11566218Extrovert",5039,"Extrovert",0,0,1,30,25.6129032258065,1,3,9,18,18.1612903225806,374701.709677419,31,0.612903225806452,0.6,"11566218Extrovert",5,1,5,5,1,5
11566218,"complete","completionCode2","A_2PatInt_1AlexExt",2,"Introvert","A","no","A","11566218Introvert",7163,"Introvert",0,0,6,25,24.0645161290323,3,1,10,17,19.3548387096774,459113.032258065,31,0.419354838709677,0.533333333333333,"11566218Introvert",5,2,4,4,2,4
11580653,"complete","completionCode1","A_2PatInt_1AlexExt",1,"Extrovert","A","no","A","11580653Extrovert",4266,"Extrovert",0,0,2,24,26.8076923076923,2,4,15,5,11.3461538461538,410730.923076923,26,0.192307692307692,0.24,"11580653Extrovert",1,3,2,3,5,2
11580653,"complete","completionCode2","A_2PatInt_1AlexExt",2,"Introvert","A","no","A","11580653Introvert",7849,"Introvert",0,0,9,15,20.7916666666667,5,3,14,2,10.875,376110,24,0.25,0.304347826086957,"11580653Introvert",2,3,3,3,4,2
11580672,"complete","completionCode1","A_2PatInt_1AlexExt",1,"Extrovert","A","no","A","11580672Extrovert",4023,"Extrovert",0,0,3,28,26.1935483870968,3,0,12,16,13.9032258064516,445427.967741935,31,0.548387096774194,0.5,"11580672Extrovert",5,1,5,5,1,5
11580672,"complete","completionCode2","A_2PatInt_1AlexExt",2,"Introvert","A","no","A","11580672Introvert",8604,"Introvert",0,0,5,26,18.741935483871,3,0,11,17,12.1290322580645,347499.129032258,31,0.548387096774194,0.6,"11580672Introvert",4,2,4,4,2,4
11580907,"complete","completionCode2","A_1AlexExt_2PatInt",2,"Introvert","A","yes","A","11580907Introvert",2614,"Introvert",1,1,12,13,19.6666666666667,1,6,16,4,6.59259259259259,386414.037037037,27,0.407407407407407,0.346153846153846,"11580907Introvert",4,2,4,5,2,4
11580907,"complete","completionCode1","A_1AlexExt_2PatInt",1,"Extrovert","A","yes","A","11580907Extrovert",7585,"Extrovert",0,0,2,13,24.6,0,2,9,4,15.8,368930.666666667,15,0.266666666666667,0.285714285714286,"11580907Extrovert",5,1,5,5,1,5
11580923,"complete","completionCode2","A_1AlexExt_2PatInt",2,"Introvert","A","yes","A","11580923Introvert",3474,"Introvert",0,0,8,21,17.8620689655172,1,3,8,17,9.6551724137931,376030.793103448,29,0.413793103448276,0.464285714285714,"11580923Introvert",4,2,4,4,2,4
11580923,"complete","completionCode1","A_1AlexExt_2PatInt",1,"Extrovert","A","yes","A","11580923Extrovert",5872,"Extrovert",1,0,2,27,23.1666666666667,2,4,15,9,6.46666666666667,552674.666666667,30,0.3,0.310344827586207,"11580923Extrovert",3,2,3,4,3,3
11580940,"complete","completionCode2","A_2PatInt_1AlexExt",2,"Introvert","A","no","A","11580940Introvert",3375,"Introvert",0,0,18,8,21.6923076923077,5,3,14,4,9.76923076923077,370033.961538462,26,0.423076923076923,0.48,"11580940Introvert",1,5,1,1,5,1
11580940,"complete","completionCode1","A_2PatInt_1AlexExt",1,"Extrovert","A","no","A","11580940Extrovert",8199,"Extrovert",2,0,4,12,28.6,2,4,11,2,11.75,366210.7,20,0.15,0.263157894736842,"11580940Extrovert",2,5,1,2,5,2
11581134,"complete","completionCode2","A_1AlexExt_2PatInt",2,"Introvert","A","yes","A","11581134Introvert",9319,"Introvert",0,0,12,19,16.7741935483871,1,1,24,5,6.96774193548387,286649.935483871,31,0.451612903225806,0.466666666666667,"11581134Introvert",4,3,4,4,2,4
11581134,"complete","completionCode1","A_1AlexExt_2PatInt",1,"Extrovert","A","yes","A","11581134Extrovert",9675,"Extrovert",0,0,4,26,21.5666666666667,1,4,18,7,5.93333333333333,434359.3,30,0.3,0.241379310344828,"11581134Extrovert",4,2,4,4,2,4
11581555,"complete","completionCode2","A_1AlexExt_2PatInt",2,"Introvert","A","yes","A","11581555Introvert",2669,"Introvert",0,1,5,9,22.8,2,0,4,9,29.4,429762.466666667,15,0.6,0.928571428571429,"11581555Introvert",3,4,2,3,3,3
11581555,"complete","completionCode1","A_1AlexExt_2PatInt",1,"Extrovert","A","yes","A","11581555Extrovert",7364,"Extrovert",0,0,2,13,27.1333333333333,3,2,4,6,26.8666666666667,440564.866666667,15,0.466666666666667,0.5,"11581555Extrovert",5,3,3,4,2,4
11581620,"complete","completionCode1","A_2PatInt_1AlexExt",1,"Extrovert","A","no","A","11581620Extrovert",1342,"Extrovert",0,0,1,10,32.9090909090909,4,2,2,3,43.0909090909091,398781.909090909,11,0.363636363636364,0.3,"11581620Extrovert",4,4,2,4,2,4
11581620,"complete","completionCode2","A_2PatInt_1AlexExt",2,"Introvert","A","no","A","11581620Introvert",3921,"Introvert",0,0,5,5,21.5,5,0,3,2,40,358892,10,0.2,0.111111111111111,"11581620Introvert",2,4,3,3,4,4
11602380,"complete","completionCode1","A_1AlexExt_2PatInt",1,"Extrovert","A","yes","A","11602380Extrovert",2329,"Extrovert",0,0,1,14,27.3333333333333,2,2,3,8,25.1333333333333,464028.533333333,15,0.6,0.571428571428571,"11602380Extrovert",4,2,4,4,2,4
11602380,"complete","completionCode2","A_1AlexExt_2PatInt",2,"Introvert","A","yes","A","11602380Introvert",6661,"Introvert",2,1,6,10,18.2631578947368,0,2,6,11,16.5789473684211,468703.052631579,19,0.421052631578947,0.444444444444444,"11602380Introvert",3,4,3,4,3,3
11650702,"complete","completionCode2","B_1PatExt_2AlexInt",2,"Introvert","B","yes","B","11650702Introvert",7140,"Introvert",0,0,6,11,22,1,0,9,7,18.8235294117647,389183.470588235,17,0.470588235294118,0.4375,"11650702Introvert",2,5,2,3,4,1
11650702,"complete","completionCode1","B_1PatExt_2AlexInt",1,"Extrovert","B","yes","B","11650702Extrovert",8061,"Extrovert",0,0,3,12,24.0666666666667,2,0,10,3,15.8666666666667,333238.866666667,15,0.4,0.357142857142857,"11650702Extrovert",2,5,2,3,4,1
11651220,"complete","completionCode2","B_1PatExt_2AlexInt",2,"Introvert","B","yes","B","11651220Introvert",1022,"Introvert",0,0,9,22,20.6774193548387,0,1,22,8,7.67741935483871,251831.258064516,31,0.451612903225806,0.433333333333333,"11651220Introvert",1,4,1,1,5,2
11651220,"complete","completionCode1","B_1PatExt_2AlexInt",1,"Extrovert","B","yes","B","11651220Extrovert",3369,"Extrovert",1,0,3,27,22.9677419354839,1,1,20,9,9.03225806451613,364451.419354839,31,0.32258064516129,0.3,"11651220Extrovert",4,1,4,5,1,4
11651466,"complete","completionCode2","B_2AlexInt_1PatExt",2,"Introvert","B","no","B","11651466Introvert",7389,"Introvert",1,3,8,19,19.258064516129,3,9,11,8,14.0645161290323,276940.451612903,31,0.290322580645161,0.366666666666667,"11651466Introvert",5,2,5,5,2,5
11651466,"complete","completionCode1","B_2AlexInt_1PatExt",1,"Extrovert","B","no","B","11651466Extrovert",7392,"Extrovert",2,1,1,26,23.7666666666667,1,9,15,5,12.5333333333333,362537.766666667,30,0.233333333333333,0.172413793103448,"11651466Extrovert",3,3,3,4,3,3
11651689,"complete","completionCode1","B_1PatExt_2AlexInt",1,"Extrovert","B","yes","B","11651689Extrovert",6294,"Extrovert",0,0,1,11,23.25,0,0,1,11,12,498404.083333333,12,0.833333333333333,0.909090909090909,"11651689Extrovert",5,2,5,5,1,5
11651689,"complete","completionCode2","B_1PatExt_2AlexInt",2,"Introvert","B","yes","B","11651689Introvert",7426,"Introvert",0,0,3,9,19.5833333333333,0,0,2,10,11.4166666666667,494574.083333333,12,0.583333333333333,0.636363636363636,"11651689Introvert",5,2,5,5,1,5
11652569,"complete","completionCode1","B_1PatExt_2AlexInt",1,"Extrovert","B","yes","B","11652569Extrovert",3634,"Extrovert",0,0,2,29,22.5806451612903,1,4,13,13,9.61290322580645,233153.709677419,31,0.419354838709677,0.433333333333333,"11652569Extrovert",4,2,2,2,2,2
11652569,"complete","completionCode2","B_1PatExt_2AlexInt",2,"Introvert","B","yes","B","11652569Introvert",4004,"Introvert",1,0,9,21,23.3225806451613,2,3,21,5,10.741935483871,286942.387096774,31,0.32258064516129,0.4,"11652569Introvert",5,5,4,5,5,5
11652658,"complete","completionCode1","B_2AlexInt_1PatExt",1,"Extrovert","B","no","B","11652658Extrovert",1178,"Extrovert",0,0,2,19,25.0952380952381,4,1,10,6,22.3809523809524,378046.523809524,21,0.285714285714286,0.35,"11652658Extrovert",4,2,4,4,2,4
11652658,"complete","completionCode2","B_2AlexInt_1PatExt",2,"Introvert","B","no","B","11652658Introvert",9635,"Introvert",0,0,5,18,19.4782608695652,5,0,14,4,21.0434782608696,434167.130434783,23,0.260869565217391,0.318181818181818,"11652658Introvert",2,4,2,3,5,2
11652702,"complete","completionCode1","B_2AlexInt_1PatExt",1,"Extrovert","B","no","B","11652702Extrovert",1190,"Extrovert",1,0,2,25,25.8928571428571,3,0,11,14,17.7857142857143,423242,28,0.5,0.555555555555556,"11652702Extrovert",3,4,2,4,2,3
11652702,"complete","completionCode2","B_2AlexInt_1PatExt",2,"Introvert","B","no","B","11652702Introvert",4906,"Introvert",0,0,10,18,23.9285714285714,5,0,13,10,21.4285714285714,389658.607142857,28,0.428571428571429,0.62962962962963,"11652702Introvert",4,3,4,4,2,4
11652900,"complete","completionCode1","B_1PatExt_2AlexInt",1,"Extrovert","B","yes","B","11652900Extrovert",2450,"Extrovert",0,0,3,28,19.258064516129,1,4,20,6,7.12903225806452,407138.161290323,31,0.290322580645161,0.233333333333333,"11652900Extrovert",1,5,1,2,3,2
11652900,"complete","completionCode2","B_1PatExt_2AlexInt",2,"Introvert","B","yes","B","11652900Introvert",8685,"Introvert",2,0,9,20,18.6129032258065,2,3,13,13,9.64516129032258,375052.870967742,31,0.290322580645161,0.466666666666667,"11652900Introvert",4,2,5,5,2,5
11653598,"complete","completionCode2","B_2AlexInt_1PatExt",2,"Introvert","B","no","B","11653598Introvert",4129,"Introvert",0,1,2,11,22,2,5,6,1,22.0714285714286,569876.928571429,14,0.0714285714285714,0.0769230769230769,"11653598Introvert",4,3,3,4,2,4
11653598,"complete","completionCode1","B_2AlexInt_1PatExt",1,"Extrovert","B","no","B","11653598Extrovert",4984,"Extrovert",2,0,3,16,27.3809523809524,0,5,14,2,9.14285714285714,346394.142857143,21,0.19047619047619,0.15,"11653598Extrovert",3,3,3,4,2,4
11665444,"complete","completionCode1","B_1PatExt_2AlexInt",1,"Extrovert","B","yes","B","11665444Extrovert",2088,"Extrovert",0,0,1,16,21.2941176470588,1,1,8,7,11.2352941176471,379793.529411765,17,0.352941176470588,0.4375,"11665444Extrovert",5,2,4,5,1,5
11665444,"complete","completionCode2","B_1PatExt_2AlexInt",2,"Introvert","B","yes","B","11665444Introvert",5789,"Introvert",0,1,4,14,19.6842105263158,1,4,5,9,9.63157894736842,388719.842105263,19,0.421052631578947,0.444444444444444,"11665444Introvert",5,1,3,5,1,5
11665450,"complete","completionCode2","B_2AlexInt_1PatExt",2,"Introvert","B","no","B","11665450Introvert",2710,"Introvert",0,0,6,13,16.5789473684211,1,1,11,6,9.10526315789474,391352.315789474,19,0.421052631578947,0.388888888888889,"11665450Introvert",5,2,5,5,2,4
11665450,"complete","completionCode1","B_2AlexInt_1PatExt",1,"Extrovert","B","no","B","11665450Extrovert",3040,"Extrovert",0,0,1,14,19.8,0,0,3,12,7.73333333333333,394693.4,15,0.733333333333333,0.785714285714286,"11665450Extrovert",5,3,5,5,1,5
11665465,"complete","completionCode1","B_1PatExt_2AlexInt",1,"Extrovert","B","yes","B","11665465Extrovert",5987,"Extrovert",2,0,2,15,27.2631578947368,6,2,5,6,26.4210526315789,363706.105263158,19,0.263157894736842,0.388888888888889,"11665465Extrovert",5,2,5,5,1,5
11665465,"complete","completionCode2","B_1PatExt_2AlexInt",2,"Introvert","B","yes","B","11665465Introvert",7627,"Introvert",0,0,9,7,22.625,5,0,7,4,27.5,387913.625,16,0.25,0.533333333333333,"11665465Introvert",2,4,2,2,5,1
11665605,"complete","completionCode2","B_1PatExt_2AlexInt",2,"Introvert","B","yes","B","11665605Introvert",4461,"Introvert",1,0,4,9,24.3571428571429,2,0,6,6,18.0714285714286,382961.142857143,14,0.357142857142857,0.461538461538462,"11665605Introvert",3,4,2,4,4,3
11665605,"complete","completionCode1","B_1PatExt_2AlexInt",1,"Extrovert","B","yes","B","11665605Extrovert",5578,"Extrovert",0,0,2,15,23.1176470588235,1,0,7,9,17.8235294117647,379922.823529412,17,0.411764705882353,0.625,"11665605Extrovert",4,2,4,4,2,4
11665637,"complete","completionCode2","B_2AlexInt_1PatExt",2,"Introvert","B","no","B","11665637Introvert",4867,"Introvert",0,0,4,14,21.9444444444444,2,1,5,10,19.3888888888889,541352.444444444,18,0.666666666666667,0.705882352941177,"11665637Introvert",5,4,2,5,4,4
11665637,"complete","completionCode1","B_2AlexInt_1PatExt",1,"Extrovert","B","no","B","11665637Extrovert",7381,"Extrovert",1,0,3,8,23.3333333333333,1,1,5,5,22.3333333333333,346960.75,12,0.583333333333333,0.636363636363636,"11665637Extrovert",5,2,4,5,1,5
11665717,"complete","completionCode2","B_2AlexInt_1PatExt",2,"Introvert","B","no","B","11665717Introvert",6527,"Introvert",0,2,8,21,15.7741935483871,2,2,11,16,6.93548387096774,354937.258064516,31,0.645161290322581,0.5,"11665717Introvert",4,2,4,4,2,4
11665717,"complete","completionCode1","B_2AlexInt_1PatExt",1,"Extrovert","B","no","B","11665717Extrovert",9893,"Extrovert",0,0,1,22,20.0434782608696,1,0,9,13,8.08695652173913,391897.869565217,23,0.521739130434783,0.545454545454545,"11665717Extrovert",5,1,5,5,1,5
11665781,"complete","completionCode1","B_2AlexInt_1PatExt",1,"Extrovert","B","no","B","11665781Extrovert",3650,"Extrovert",0,0,2,20,27.3636363636364,3,0,12,7,21.6363636363636,374887.545454545,22,0.409090909090909,0.380952380952381,"11665781Extrovert",4,2,4,4,2,4
11665781,"complete","completionCode2","B_2AlexInt_1PatExt",2,"Introvert","B","no","B","11665781Introvert",6797,"Introvert",0,0,8,14,17.5,3,0,11,8,18.7727272727273,314882.318181818,22,0.590909090909091,0.571428571428571,"11665781Introvert",4,2,2,4,2,4
11665846,"complete","completionCode2","B_1PatExt_2AlexInt",2,"Introvert","B","yes","B","11665846Introvert",4856,"Introvert",1,0,18,8,20.962962962963,3,4,19,1,10.5185185185185,385593.444444444,27,0.518518518518518,0.461538461538462,"11665846Introvert",1,5,1,1,5,1
11665846,"complete","completionCode1","B_1PatExt_2AlexInt",1,"Extrovert","B","yes","B","11665846Extrovert",5846,"Extrovert",0,0,1,18,20.5789473684211,1,0,7,11,14,342873.421052632,19,0.631578947368421,0.611111111111111,"11665846Extrovert",1,5,3,1,5,1
11666017,"complete","completionCode2","B_2AlexInt_1PatExt",2,"Introvert","B","no","B","11666017Introvert",3525,"Introvert",0,0,13,18,20.2903225806452,1,3,22,5,3.64516129032258,239820.322580645,31,0.354838709677419,0.366666666666667,"11666017Introvert",2,4,4,3,2,4
11666017,"complete","completionCode1","B_2AlexInt_1PatExt",1,"Extrovert","B","no","B","11666017Extrovert",8089,"Extrovert",0,0,2,29,17.2258064516129,0,2,23,6,3.61290322580645,324460.516129032,31,0.193548387096774,0.233333333333333,"11666017Extrovert",3,4,4,4,4,3
11666076,"complete","completionCode1","B_2AlexInt_1PatExt",1,"Extrovert","B","no","B","11666076Extrovert",6697,"Extrovert",0,0,3,23,26.7692307692308,1,2,17,6,6.57692307692308,350617.923076923,26,0.269230769230769,0.28,"11666076Extrovert",3,4,1,4,4,4
11666076,"complete","completionCode2","B_2AlexInt_1PatExt",2,"Introvert","B","no","B","11666076Introvert",7360,"Introvert",0,0,13,12,21.48,0,4,17,4,4.8,361959.44,25,0.28,0.333333333333333,"11666076Introvert",4,2,4,4,2,4
11666153,"complete","completionCode2","B_2AlexInt_1PatExt",2,"Introvert","B","no","B","11666153Introvert",4233,"Introvert",1,0,4,17,20.3181818181818,1,1,10,10,21.8181818181818,414012.863636364,22,0.5,0.476190476190476,"11666153Introvert",3,3,2,4,4,5
11666153,"complete","completionCode1","B_2AlexInt_1PatExt",1,"Extrovert","B","no","B","11666153Extrovert",7383,"Extrovert",0,0,2,10,31.5,3,2,3,4,34.8333333333333,411421.083333333,12,0.5,0.363636363636364,"11666153Extrovert",4,3,2,4,3,5
11666462,"complete","completionCode1","B_1PatExt_2AlexInt",1,"Extrovert","B","yes","B","11666462Extrovert",2580,"Extrovert",1,0,1,16,21.1111111111111,2,0,7,9,25.8888888888889,446212.055555556,18,0.5,0.470588235294118,"11666462Extrovert",4,2,4,4,2,4
11666462,"complete","completionCode2","B_1PatExt_2AlexInt",2,"Introvert","B","yes","B","11666462Introvert",4150,"Introvert",0,0,2,15,17.4705882352941,3,0,9,5,27.7647058823529,447785.647058824,17,0.411764705882353,0.375,"11666462Introvert",5,1,5,5,1,5
11666481,"complete","completionCode2","B_1PatExt_2AlexInt",2,"Introvert","B","yes","B","11666481Introvert",2829,"Introvert",0,0,3,16,19.4736842105263,1,0,13,5,5.84210526315789,398307.947368421,19,0.421052631578947,0.388888888888889,"11666481Introvert",4,4,2,4,2,4
11666481,"complete","completionCode1","B_1PatExt_2AlexInt",1,"Extrovert","B","yes","B","11666481Extrovert",8845,"Extrovert",0,0,4,12,19.8125,1,0,13,2,5.8125,312038,16,0.3125,0.333333333333333,"11666481Extrovert",4,4,2,4,2,4
11666498,"complete","completionCode2","B_2AlexInt_1PatExt",2,"Introvert","B","no","B","11666498Introvert",1525,"Introvert",0,0,6,13,21.8947368421053,3,0,6,10,19.0526315789474,383254.947368421,19,0.473684210526316,0.611111111111111,"11666498Introvert",4,2,4,5,2,4
11666498,"complete","completionCode1","B_2AlexInt_1PatExt",1,"Extrovert","B","no","B","11666498Extrovert",7331,"Extrovert",0,0,2,18,29.45,1,0,11,8,18.15,370998.7,20,0.4,0.421052631578947,"11666498Extrovert",2,2,2,4,2,3
11666541,"complete","completionCode1","B_1PatExt_2AlexInt",1,"Extrovert","B","yes","B","11666541Extrovert",1755,"Extrovert",0,0,1,12,23.3846153846154,2,0,3,8,32.7692307692308,362579.230769231,13,0.692307692307692,0.666666666666667,"11666541Extrovert",4,2,5,5,2,4
11666541,"complete","completionCode2","B_1PatExt_2AlexInt",2,"Introvert","B","yes","B","11666541Introvert",8857,"Introvert",0,0,3,18,19.8571428571429,2,0,5,14,20.047619047619,366642.571428571,21,0.80952380952381,0.7,"11666541Introvert",3,4,3,4,3,3
11666969,"complete","completionCode2","B_2AlexInt_1PatExt",2,"Introvert","B","no","B","11666969Introvert",5569,"Introvert",1,0,4,26,21.9354838709677,6,1,11,13,13.2903225806452,390434.548387097,31,0.483870967741935,0.4,"11666969Introvert",4,4,4,4,4,3
11666969,"complete","completionCode1","B_2AlexInt_1PatExt",1,"Extrovert","B","no","B","11666969Extrovert",6290,"Extrovert",0,0,3,28,18.7096774193548,0,1,16,14,8.58064516129032,307508.419354839,31,0.451612903225806,0.5,"11666969Extrovert",4,5,2,4,5,3
11667145,"complete","completionCode1","B_1PatExt_2AlexInt",1,"Extrovert","B","yes","B","11667145Extrovert",4258,"Extrovert",0,0,1,19,29.65,0,0,14,6,14.4,314987.15,20,0.35,0.315789473684211,"11667145Extrovert",5,2,4,4,2,4
11667145,"complete","completionCode2","B_1PatExt_2AlexInt",2,"Introvert","B","yes","B","11667145Introvert",6646,"Introvert",0,0,6,8,23,0,1,6,7,15.6428571428571,321921,14,0.357142857142857,0.307692307692308,"11667145Introvert",2,4,3,3,4,2
11667383,"complete","completionCode2","B_1PatExt_2AlexInt",2,"Introvert","B","yes","B","11667383Introvert",2967,"Introvert",1,1,6,16,20.2916666666667,3,1,9,11,17.5833333333333,343985.375,24,0.375,0.434782608695652,"11667383Introvert",4,2,3,4,2,4
11667383,"complete","completionCode1","B_1PatExt_2AlexInt",1,"Extrovert","B","yes","B","11667383Extrovert",4304,"Extrovert",0,0,1,19,23.25,1,3,6,10,19.75,366654.6,20,0.55,0.526315789473684,"11667383Extrovert",5,3,4,5,2,4
11667572,"complete","completionCode1","B_2AlexInt_1PatExt",1,"Extrovert","B","no","B","11667572Extrovert",5312,"Extrovert",1,0,1,29,23,4,1,11,15,13.258064516129,428798.419354839,31,0.483870967741935,0.5,"11667572Extrovert",4,2,5,4,1,5
11667572,"complete","completionCode2","B_2AlexInt_1PatExt",2,"Introvert","B","no","B","11667572Introvert",9320,"Introvert",1,0,6,24,18.2903225806452,0,4,13,14,11.6451612903226,404585.612903226,31,0.516129032258065,0.5,"11667572Introvert",4,2,4,4,2,4
11667573,"complete","completionCode2","B_2AlexInt_1PatExt",2,"Introvert","B","no","B","11667573Introvert",7051,"Introvert",0,0,6,10,21.4375,0,0,8,8,11.375,458458.4375,16,0.5,0.666666666666667,"11667573Introvert",4,2,4,5,2,4
11667573,"complete","completionCode1","B_2AlexInt_1PatExt",1,"Extrovert","B","no","B","11667573Extrovert",9372,"Extrovert",0,0,2,15,19.9411764705882,0,0,5,12,11,475386.235294118,17,0.588235294117647,0.8125,"11667573Extrovert",5,2,4,4,2,5
11667632,"complete","completionCode1","B_2AlexInt_1PatExt",1,"Extrovert","B","no","B","11667632Extrovert",1977,"Extrovert",0,0,1,17,19.6111111111111,1,0,3,14,20.2222222222222,394969.611111111,18,0.833333333333333,0.764705882352941,"11667632Extrovert",4,2,4,4,2,4
11667632,"complete","completionCode2","B_2AlexInt_1PatExt",2,"Introvert","B","no","B","11667632Introvert",8852,"Introvert",1,0,5,7,26.2307692307692,2,0,4,7,28.3846153846154,368318.769230769,13,0.769230769230769,0.75,"11667632Introvert",5,1,5,5,1,5
11667763,"complete","completionCode1","B_1PatExt_2AlexInt",1,"Extrovert","B","yes","B","11667763Extrovert",3900,"Extrovert",1,0,2,11,18,0,0,9,5,7.71428571428571,353721.857142857,14,0.357142857142857,0.230769230769231,"11667763Extrovert",4,2,4,4,3,3
11667763,"complete","completionCode2","B_1PatExt_2AlexInt",2,"Introvert","B","yes","B","11667763Introvert",9415,"Introvert",0,1,7,3,17.8181818181818,0,1,7,3,9.81818181818182,401604.090909091,11,0.545454545454545,0.6,"11667763Introvert",3,3,3,4,3,3
11667966,"complete","completionCode2","B_2AlexInt_1PatExt",2,"Introvert","B","no","B","11667966Introvert",2365,"Introvert",2,0,4,4,21.2,1,2,1,6,33.5,509972.4,10,0.3,0.333333333333333,"11667966Introvert",5,3,4,5,1,5
11667966,"complete","completionCode1","B_2AlexInt_1PatExt",1,"Extrovert","B","no","B","11667966Extrovert",2994,"Extrovert",0,0,2,12,19.5714285714286,2,1,4,7,15.5,465862.142857143,14,0.571428571428571,0.384615384615385,"11667966Extrovert",5,3,4,5,1,5
11668005,"complete","completionCode1","B_2AlexInt_1PatExt",1,"Extrovert","B","no","B","11668005Extrovert",3532,"Extrovert",0,0,3,14,27.8823529411765,5,1,7,4,29.6470588235294,484579.705882353,17,0.352941176470588,0.3125,"11668005Extrovert",4,4,3,4,4,4
11668005,"complete","completionCode2","B_2AlexInt_1PatExt",2,"Introvert","B","no","B","11668005Introvert",7947,"Introvert",0,0,16,15,21.9032258064516,4,4,14,9,12.9354838709677,344415.193548387,31,0.387096774193548,0.433333333333333,"11668005Introvert",4,2,4,4,2,5
11668041,"complete","completionCode2","B_1PatExt_2AlexInt",2,"Introvert","B","yes","B","11668041Introvert",3054,"Introvert",0,0,3,19,20.2727272727273,1,1,9,11,11.9090909090909,386551.363636364,22,0.545454545454545,0.523809523809524,"11668041Introvert",4,3,3,4,3,3
11668041,"complete","completionCode1","B_1PatExt_2AlexInt",1,"Extrovert","B","yes","B","11668041Extrovert",9108,"Extrovert",0,0,1,18,24.2105263157895,0,1,5,13,12.8421052631579,395895.368421053,19,0.631578947368421,0.666666666666667,"11668041Extrovert",4,2,4,4,2,4
11668218,"complete","completionCode1","B_2AlexInt_1PatExt",1,"Extrovert","B","no","B","11668218Extrovert",3759,"Extrovert",1,0,1,18,22.45,3,1,12,4,9.6,372635.2,20,0.1,0.157894736842105,"11668218Extrovert",5,2,5,5,5,5
11668218,"complete","completionCode2","B_2AlexInt_1PatExt",2,"Introvert","B","no","B","11668218Introvert",7045,"Introvert",2,0,6,20,20.4285714285714,2,0,21,4,6.03571428571429,314847.5,28,0.357142857142857,0.259259259259259,"11668218Introvert",3,4,3,3,3,3
11668279,"complete","completionCode2","B_2AlexInt_1PatExt",2,"Introvert","B","no","B","11668279Introvert",2178,"Introvert",0,0,10,11,19.4285714285714,1,0,13,7,15.9047619047619,344637.19047619,21,0.571428571428571,0.7,"11668279Introvert",5,2,4,4,2,4
11668279,"complete","completionCode1","B_2AlexInt_1PatExt",1,"Extrovert","B","no","B","11668279Extrovert",3516,"Extrovert",2,0,1,25,20.6071428571429,0,1,20,7,9.46428571428571,345605.214285714,28,0.25,0.222222222222222,"11668279Extrovert",1,5,1,2,4,2
11668368,"complete","completionCode1","B_1PatExt_2AlexInt",1,"Extrovert","B","yes","B","11668368Extrovert",4793,"Extrovert",0,0,3,28,23.1935483870968,3,2,14,12,10.5161290322581,353830.387096774,31,0.451612903225806,0.466666666666667,"11668368Extrovert",4,3,3,4,3,4
11668368,"complete","completionCode2","B_1PatExt_2AlexInt",2,"Introvert","B","yes","B","11668368Introvert",6046,"Introvert",2,0,6,23,21.7096774193548,4,1,16,10,9.54838709677419,360795.612903226,31,0.354838709677419,0.433333333333333,"11668368Introvert",4,3,4,4,4,4
11671634,"complete","completionCode1","B_2AlexInt_1PatExt",1,"Extrovert","B","no","B","11671634Extrovert",4321,"Extrovert",0,0,2,21,19.7391304347826,1,0,9,13,12.7826086956522,384119.913043478,23,0.565217391304348,0.590909090909091,"11671634Extrovert",4,3,4,4,3,4
11671634,"complete","completionCode2","B_2AlexInt_1PatExt",2,"Introvert","B","no","B","11671634Introvert",4901,"Introvert",0,1,2,20,16.9130434782609,0,1,7,15,14.2608695652174,362059.347826087,23,0.782608695652174,0.681818181818182,"11671634Introvert",4,2,4,5,2,4
11671697,"complete","completionCode2","B_1PatExt_2AlexInt",2,"Introvert","B","yes","B","11671697Introvert",6161,"Introvert",0,0,4,15,17,2,2,8,7,10.6842105263158,275573.736842105,19,0.368421052631579,0.555555555555556,"11671697Introvert",2,2,4,2,4,4
11671697,"complete","completionCode1","B_1PatExt_2AlexInt",1,"Extrovert","B","yes","B","11671697Extrovert",8103,"Extrovert",1,0,2,16,23.8421052631579,1,1,13,4,11.1578947368421,235690.421052632,19,0.315789473684211,0.333333333333333,"11671697Extrovert",4,4,2,4,3,3
11671818,"complete","completionCode2","B_1PatExt_2AlexInt",2,"Introvert","B","yes","B","11671818Introvert",1734,"Introvert",2,1,10,10,25.3913043478261,2,4,12,5,15.3913043478261,408432.652173913,23,0.391304347826087,0.5,"11671818Introvert",3,5,2,2,5,3
11671818,"complete","completionCode1","B_1PatExt_2AlexInt",1,"Extrovert","B","yes","B","11671818Extrovert",7201,"Extrovert",1,0,2,15,29.6666666666667,2,2,10,4,23.1666666666667,394250.722222222,18,0.388888888888889,0.294117647058824,"11671818Extrovert",5,2,4,4,1,5
11672647,"complete","completionCode1","B_1PatExt_2AlexInt",1,"Extrovert","B","yes","B","11672647Extrovert",2839,"Extrovert",5,0,3,16,31.7083333333333,4,4,15,1,13.7083333333333,367892.625,24,0.166666666666667,0.173913043478261,"11672647Extrovert",2,3,2,2,4,2
11672647,"complete","completionCode2","B_1PatExt_2AlexInt",2,"Introvert","B","yes","B","11672647Introvert",8752,"Introvert",2,0,11,11,23.0416666666667,0,1,20,3,13,352578.375,24,0.583333333333333,0.434782608695652,"11672647Introvert",2,2,4,3,3,2
11674611,"complete","completionCode2","B_2AlexInt_1PatExt",2,"Introvert","B","no","B","11674611Introvert",2364,"Introvert",1,0,3,16,21.1,3,0,5,12,17.9,347352.1,20,0.7,0.631578947368421,"11674611Introvert",3,2,3,3,4,3
11674611,"complete","completionCode1","B_2AlexInt_1PatExt",1,"Extrovert","B","no","B","11674611Extrovert",9186,"Extrovert",0,0,1,17,23,5,0,3,10,20.3888888888889,356253.333333333,18,0.5,0.588235294117647,"11674611Extrovert",3,2,3,3,4,3
11674631,"complete","completionCode1","B_1PatExt_2AlexInt",1,"Extrovert","B","yes","B","11674631Extrovert",4412,"Extrovert",0,0,3,15,25.5555555555556,2,3,11,2,14.3333333333333,365830.888888889,18,0.166666666666667,0.176470588235294,"11674631Extrovert",3,3,4,4,3,4
11674631,"complete","completionCode2","B_1PatExt_2AlexInt",2,"Introvert","B","yes","B","11674631Introvert",4497,"Introvert",0,0,2,11,26.1538461538462,1,0,10,2,20.2307692307692,366786.461538462,13,0.307692307692308,0.25,"11674631Introvert",3,3,4,4,3,4
11675287,"complete","completionCode1","B_2AlexInt_1PatExt",1,"Extrovert","B","no","B","11675287Extrovert",7680,"Extrovert",0,0,1,16,22.2941176470588,0,0,12,5,5.70588235294118,369184.294117647,17,0.235294117647059,0.25,"11675287Extrovert",5,1,4,5,1,5
11675287,"complete","completionCode2","B_2AlexInt_1PatExt",2,"Introvert","B","no","B","11675287Introvert",7887,"Introvert",0,0,4,15,18.5789473684211,0,2,7,10,8.05263157894737,376193.789473684,19,0.315789473684211,0.5,"11675287Introvert",5,1,4,5,1,5
11913392,"complete","completionCode1","B_2AlexInt_1PatExt",1,"Extrovert","B","no","B","11913392Extrovert",3307,"Extrovert",0,0,3,28,22.0645161290323,0,1,20,10,4.48387096774194,372539.935483871,31,0.290322580645161,0.4,"11913392Extrovert",4,2,4,5,2,4
11913392,"complete","completionCode2","B_2AlexInt_1PatExt",2,"Introvert","B","no","B","11913392Introvert",5676,"Introvert",0,0,9,13,19.5454545454545,0,1,18,3,6,361756.318181818,22,0.545454545454545,0.380952380952381,"11913392Introvert",4,4,2,4,4,4
11914120,"complete","completionCode2","B_1PatExt_2AlexInt",2,"Introvert","B","yes","B","11914120Introvert",3909,"Introvert",2,1,9,10,23.3636363636364,4,2,11,5,18.2727272727273,340771.727272727,22,0.363636363636364,0.714285714285714,"11914120Introvert",3,2,4,4,4,5
11914120,"complete","completionCode1","B_1PatExt_2AlexInt",1,"Extrovert","B","yes","B","11914120Extrovert",8671,"Extrovert",2,0,6,16,22.5416666666667,2,6,9,7,12.7083333333333,365946.166666667,24,0.458333333333333,0.347826086956522,"11914120Extrovert",3,4,4,4,4,5
11931829,"complete","completionCode1","A_2PatInt_1AlexExt",1,"Extrovert","A","no","A","11931829Extrovert",6866,"Extrovert",0,0,2,14,21.375,0,0,11,5,10.9375,373692,16,0.3125,0.266666666666667,"11931829Extrovert",3,2,2,4,3,2
11931829,"complete","completionCode2","A_2PatInt_1AlexExt",2,"Introvert","A","no","A","11931829Introvert",8141,"Introvert",0,0,6,18,16.6666666666667,2,0,21,1,4.79166666666667,380845.791666667,24,0.208333333333333,0.173913043478261,"11931829Introvert",3,3,3,3,3,2
11931864,"complete","completionCode1","A_1AlexExt_2PatInt",1,"Extrovert","A","yes","A","11931864Extrovert",3861,"Extrovert",0,0,4,24,26.5357142857143,5,3,15,5,10.4642857142857,452537.5,28,0.142857142857143,0.185185185185185,"11931864Extrovert",5,2,4,4,2,4
11931864,"complete","completionCode2","A_1AlexExt_2PatInt",2,"Introvert","A","yes","A","11931864Introvert",5711,"Introvert",0,0,17,13,24.5666666666667,1,4,23,2,8.96666666666667,430653.3,30,0.4,0.482758620689655,"11931864Introvert",3,3,3,5,2,4
11932074,"complete","completionCode2","A_1AlexExt_2PatInt",2,"Introvert","A","yes","A","11932074Introvert",7562,"Introvert",0,0,7,14,14.6190476190476,0,2,11,8,5.71428571428571,341461.428571429,21,0.333333333333333,0.35,"11932074Introvert",5,5,5,4,2,4
11932074,"complete","completionCode1","A_1AlexExt_2PatInt",1,"Extrovert","A","yes","A","11932074Extrovert",7963,"Extrovert",0,0,1,20,19.9047619047619,0,1,14,6,5.52380952380952,415646.523809524,21,0.238095238095238,0.3,"11932074Extrovert",3,4,2,1,5,4
11932189,"complete","completionCode1","A_1AlexExt_2PatInt",1,"Extrovert","A","yes","A","11932189Extrovert",7891,"Extrovert",0,0,1,26,17.037037037037,0,0,13,14,5.88888888888889,371251.074074074,27,0.481481481481481,0.5,"11932189Extrovert",5,2,2,5,2,4
11932189,"complete","completionCode2","A_1AlexExt_2PatInt",2,"Introvert","A","yes","A","11932189Introvert",9948,"Introvert",0,0,12,11,17.0869565217391,0,6,6,11,8.39130434782609,367993.304347826,23,0.347826086956522,0.636363636363636,"11932189Introvert",5,1,5,5,1,5
11932374,"complete","completionCode2","A_2PatInt_1AlexExt",2,"Introvert","A","no","A","11932374Introvert",3193,"Introvert",0,0,7,19,17.3076923076923,0,1,15,10,9.84615384615385,379730.769230769,26,0.346153846153846,0.56,"11932374Introvert",4,2,4,4,2,4
11932374,"complete","completionCode1","A_2PatInt_1AlexExt",1,"Extrovert","A","no","A","11932374Extrovert",6374,"Extrovert",0,0,2,29,21.5483870967742,2,2,22,5,6.90322580645161,383895.35483871,31,0.161290322580645,0.2,"11932374Extrovert",2,4,2,2,4,2
11932375,"complete","completionCode2","A_2PatInt_1AlexExt",2,"Introvert","A","no","A","11932375Introvert",9659,"Introvert",0,0,11,20,20.8709677419355,2,2,9,18,7.38709677419355,327149.451612903,31,0.419354838709677,0.366666666666667,"11932375Introvert",5,1,4,5,2,4
11932375,"complete","completionCode1","A_2PatInt_1AlexExt",1,"Extrovert","A","no","A","11932375Extrovert",9885,"Extrovert",1,0,2,28,27.258064516129,0,1,17,13,8.2258064516129,335453.419354839,31,0.32258064516129,0.4,"11932375Extrovert",1,5,2,2,5,2
11932406,"complete","completionCode2","A_1AlexExt_2PatInt",2,"Introvert","A","yes","A","11932406Introvert",3626,"Introvert",1,0,3,15,21.2105263157895,0,0,5,14,11.3157894736842,392353.157894737,19,0.631578947368421,0.555555555555556,"11932406Introvert",5,2,4,5,1,5
11932406,"complete","completionCode1","A_1AlexExt_2PatInt",1,"Extrovert","A","yes","A","11932406Extrovert",5558,"Extrovert",1,0,2,21,24.75,1,2,5,16,12.1666666666667,478608.125,24,0.625,0.608695652173913,"11932406Extrovert",5,1,5,5,1,5
11932489,"complete","completionCode2","A_1AlexExt_2PatInt",2,"Introvert","A","yes","A","11932489Introvert",1163,"Introvert",1,0,5,17,18.2608695652174,2,2,14,5,11.8695652173913,327265.956521739,23,0.347826086956522,0.454545454545455,"11932489Introvert",4,2,4,3,1,4
11932489,"complete","completionCode1","A_1AlexExt_2PatInt",1,"Extrovert","A","yes","A","11932489Extrovert",6301,"Extrovert",0,0,1,27,27.2857142857143,3,4,17,4,10.2142857142857,418607.285714286,28,0.178571428571429,0.148148148148148,"11932489Extrovert",3,4,2,4,2,3
11932513,"complete","completionCode1","A_2PatInt_1AlexExt",1,"Extrovert","A","no","A","11932513Extrovert",9335,"Extrovert",0,0,1,20,23.0952380952381,3,1,9,8,16.3809523809524,346624.761904762,21,0.428571428571429,0.4,"11932513Extrovert",4,2,4,4,2,4
11932513,"complete","completionCode2","A_2PatInt_1AlexExt",2,"Introvert","A","no","A","11932513Introvert",9527,"Introvert",0,0,3,17,19.35,2,1,11,6,20.1,377463.05,20,0.45,0.421052631578947,"11932513Introvert",4,4,3,4,3,3
11932694,"complete","completionCode2","A_2PatInt_1AlexExt",2,"Introvert","A","no","A","11932694Introvert",7399,"Introvert",1,0,6,15,17.9090909090909,0,0,12,10,13.4545454545455,424231.181818182,22,0.5,0.476190476190476,"11932694Introvert",2,4,3,4,4,2
11932694,"complete","completionCode1","A_2PatInt_1AlexExt",1,"Extrovert","A","no","A","11932694Extrovert",8489,"Extrovert",2,0,2,19,25.5652173913043,2,0,7,14,15.7391304347826,482174.347826087,23,0.608695652173913,0.636363636363636,"11932694Extrovert",4,3,4,5,3,4
11934473,"complete","completionCode1","A_2PatInt_1AlexExt",1,"Extrovert","A","no","A","11934473Extrovert",1159,"Extrovert",0,0,5,49,24.5740740740741,5,2,26,21,11.3333333333333,395174.87037037,54,0.481481481481481,0.433962264150943,"11934473Extrovert",4,2,5,5,3,4
11934473,"complete","completionCode2","A_2PatInt_1AlexExt",2,"Introvert","A","no","A","11934473Introvert",5801,"Introvert",2,0,10,11,18.1739130434783,1,0,14,8,7.1304347826087,451549.217391304,23,0.130434782608696,0.454545454545455,"11934473Introvert",2,4,3,3,5,3
11934547,"complete","completionCode1","A_1AlexExt_2PatInt",1,"Extrovert","A","yes","A","11934547Extrovert",3489,"Extrovert",2,0,2,10,29.7142857142857,3,0,5,6,28.1428571428571,330447.428571429,14,0.357142857142857,0.461538461538462,"11934547Extrovert",4,3,4,4,2,5
11934547,"complete","completionCode2","A_1AlexExt_2PatInt",2,"Introvert","A","yes","A","11934547Introvert",9440,"Introvert",1,0,5,7,25.9230769230769,1,0,5,7,27.2307692307692,330964,13,0.461538461538462,0.5,"11934547Introvert",3,4,3,4,4,3
11934574,"complete","completionCode2","A_1AlexExt_2PatInt",2,"Introvert","A","yes","A","11934574Introvert",4282,"Introvert",0,0,7,21,13.3928571428571,1,1,22,4,6.75,377321.321428571,28,0.392857142857143,0.333333333333333,"11934574Introvert",5,2,4,5,2,4
11934574,"complete","completionCode1","A_1AlexExt_2PatInt",1,"Extrovert","A","yes","A","11934574Extrovert",4864,"Extrovert",0,0,1,30,22.7741935483871,0,4,15,12,6.25806451612903,437321.032258065,31,0.419354838709677,0.4,"11934574Extrovert",5,2,4,5,2,4
11934591,"complete","completionCode1","A_2PatInt_1AlexExt",1,"Extrovert","A","no","A","11934591Extrovert",4791,"Extrovert",0,0,2,17,21.7894736842105,3,0,11,5,14.0526315789474,392792.684210526,19,0.263157894736842,0.277777777777778,"11934591Extrovert",5,1,5,5,1,5
11934591,"complete","completionCode2","A_2PatInt_1AlexExt",2,"Introvert","A","no","A","11934591Introvert",9791,"Introvert",0,0,3,14,20.7647058823529,2,0,11,4,14.3529411764706,366682.117647059,17,0.294117647058824,0.25,"11934591Introvert",4,4,2,4,3,4
11935138,"complete","completionCode2","A_1AlexExt_2PatInt",2,"Introvert","A","yes","A","11935138Introvert",2011,"Introvert",0,0,6,10,27.25,2,5,7,2,11.75,476440.8125,16,0.375,0.333333333333333,"11935138Introvert",4,4,1,4,5,2
11935138,"complete","completionCode1","A_1AlexExt_2PatInt",1,"Extrovert","A","yes","A","11935138Extrovert",9546,"Extrovert",1,0,7,16,24.7916666666667,1,2,19,2,9.33333333333333,443661.291666667,24,0.333333333333333,0.347826086956522,"11935138Extrovert",3,4,1,4,5,1
11935599,"complete","completionCode2","A_1AlexExt_2PatInt",2,"Introvert","A","yes","A","11935599Introvert",2057,"Introvert",2,0,4,20,24.8461538461538,3,0,13,10,12.3076923076923,430710.961538462,26,0.423076923076923,0.44,"11935599Introvert",3,4,2,3,4,2
11935599,"complete","completionCode1","A_1AlexExt_2PatInt",1,"Extrovert","A","yes","A","11935599Extrovert",2740,"Extrovert",1,0,3,27,29.3225806451613,2,3,17,9,14.0645161290323,342030.064516129,31,0.354838709677419,0.333333333333333,"11935599Extrovert",3,2,4,3,3,4
11935789,"complete","completionCode2","A_2PatInt_1AlexExt",2,"Introvert","A","no","A","11935789Introvert",6093,"Introvert",0,0,4,24,23.1428571428571,1,1,17,9,9.46428571428571,496957.571428571,28,0.321428571428571,0.444444444444444,"11935789Introvert",5,2,5,5,2,5
11935789,"complete","completionCode1","A_2PatInt_1AlexExt",1,"Extrovert","A","no","A","11935789Extrovert",7046,"Extrovert",0,0,4,20,21.4583333333333,1,0,16,7,8.33333333333333,535229.25,24,0.375,0.347826086956522,"11935789Extrovert",4,2,4,4,2,4
11936703,"complete","completionCode1","A_1AlexExt_2PatInt",1,"Extrovert","A","yes","A","11936703Extrovert",3009,"Extrovert",1,0,4,51,25,9,8,20,19,12.2321428571429,399381.892857143,56,0.303571428571429,0.345454545454545,"11936703Extrovert",4,4,5,5,2,4
11936703,"complete","completionCode2","A_1AlexExt_2PatInt",2,"Introvert","A","yes","A","11936703Introvert",6203,"Introvert",0,0,13,17,19.9,0,1,20,9,8.73333333333333,383516.566666667,30,0.533333333333333,0.448275862068966,"11936703Introvert",2,4,3,2,5,3
11940020,"complete","completionCode1","A_2PatInt_1AlexExt",1,"Extrovert","A","no","A","11940020Extrovert",2446,"Extrovert",0,1,2,17,20.65,3,1,8,8,13.25,347760.65,20,0.3,0.473684210526316,"11940020Extrovert",4,2,4,4,2,4
11940020,"complete","completionCode2","A_2PatInt_1AlexExt",2,"Introvert","A","no","A","11940020Introvert",7108,"Introvert",0,0,10,9,16.9473684210526,1,2,12,4,12.7894736842105,369522.631578947,19,0.210526315789474,0.5,"11940020Introvert",2,4,2,3,4,3
11940898,"complete","completionCode2","A_1AlexExt_2PatInt",2,"Introvert","A","yes","A","11940898Introvert",3206,"Introvert",3,0,5,10,19.0555555555556,3,0,10,5,9.72222222222222,483842,18,0.222222222222222,0.352941176470588,"11940898Introvert",1,5,1,2,4,4
11940898,"complete","completionCode1","A_1AlexExt_2PatInt",1,"Extrovert","A","yes","A","11940898Extrovert",8936,"Extrovert",0,0,1,11,21,5,0,4,3,14.5833333333333,559452.333333333,12,0.333333333333333,0.272727272727273,"11940898Extrovert",4,2,4,5,1,5
11941590,"complete","completionCode2","A_1AlexExt_2PatInt",2,"Introvert","A","yes","A","11941590Introvert",2530,"Introvert",0,0,12,18,19.3333333333333,3,1,17,9,9,332768.633333333,30,0.466666666666667,0.379310344827586,"11941590Introvert",3,3,2,3,4,4
11941590,"complete","completionCode1","A_1AlexExt_2PatInt",1,"Extrovert","A","yes","A","11941590Extrovert",3277,"Extrovert",0,0,2,29,24.4516129032258,4,0,20,7,9.41935483870968,362333.419354839,31,0.290322580645161,0.266666666666667,"11941590Extrovert",4,2,3,4,2,4
12164954,"complete","completionCode1","A_2PatInt_1AlexExt",1,"Extrovert","A","no","A","12164954Extrovert",3586,"Extrovert",0,0,3,15,21.7777777777778,3,2,8,5,12.8888888888889,382824,18,0.277777777777778,0.352941176470588,"12164954Extrovert",1,5,1,2,5,1
12164954,"complete","completionCode2","A_2PatInt_1AlexExt",2,"Introvert","A","no","A","12164954Introvert",5196,"Introvert",1,0,6,9,22.625,3,2,8,3,14.125,348374.75,16,0.5,0.4,"12164954Introvert",1,5,2,2,5,2
12165018,"complete","completionCode1","A_2PatInt_1AlexExt",1,"Extrovert","A","no","A","12165018Extrovert",1613,"Extrovert",0,0,1,30,24.0967741935484,0,1,11,19,10.6129032258065,309685.451612903,31,0.645161290322581,0.633333333333333,"12165018Extrovert",5,2,4,5,1,4
12165018,"complete","completionCode2","A_2PatInt_1AlexExt",2,"Introvert","A","no","A","12165018Introvert",8224,"Introvert",6,1,7,17,20.2258064516129,3,5,12,11,9.12903225806452,268121.838709677,31,0.354838709677419,0.433333333333333,"12165018Introvert",1,4,2,2,4,2
12165146,"complete","completionCode2","A_2PatInt_1AlexExt",2,"Introvert","A","no","A","12165146Introvert",2190,"Introvert",0,0,11,9,18.8,2,1,7,10,13.4,399676.85,20,0.55,0.526315789473684,"12165146Introvert",4,2,4,5,2,4
12165146,"complete","completionCode1","A_2PatInt_1AlexExt",1,"Extrovert","A","no","A","12165146Extrovert",5804,"Extrovert",1,0,4,13,23.8888888888889,3,2,7,6,16.3888888888889,374498.166666667,18,0.222222222222222,0.352941176470588,"12165146Extrovert",2,4,2,3,4,3
12165229,"complete","completionCode2","A_1AlexExt_2PatInt",2,"Introvert","A","yes","A","12165229Introvert",2541,"Introvert",0,0,9,8,22.2352941176471,3,0,5,9,17.1176470588235,459118.764705882,17,0.235294117647059,0.375,"12165229Introvert",5,5,2,4,4,3
12165229,"complete","completionCode1","A_1AlexExt_2PatInt",1,"Extrovert","A","yes","A","12165229Extrovert",6924,"Extrovert",1,0,2,16,23.3684210526316,2,4,6,7,15.4736842105263,344296.684210526,19,0.368421052631579,0.444444444444444,"12165229Extrovert",5,5,5,5,1,5
12165240,"complete","completionCode2","A_2PatInt_1AlexExt",2,"Introvert","A","no","A","12165240Introvert",2372,"Introvert",0,0,10,17,19.5925925925926,0,11,15,1,4.07407407407407,298622.074074074,27,0.259259259259259,0.307692307692308,"12165240Introvert",1,2,5,3,4,4
12165240,"complete","completionCode1","A_2PatInt_1AlexExt",1,"Extrovert","A","no","A","12165240Extrovert",3930,"Extrovert",1,0,3,22,25.9615384615385,0,11,14,1,6.73076923076923,313397.346153846,26,0.0769230769230769,0.08,"12165240Extrovert",1,5,1,3,5,1
12166182,"complete","completionCode1","A_2PatInt_1AlexExt",1,"Extrovert","A","no","A","12166182Extrovert",8208,"Extrovert",0,0,2,14,22.125,1,0,6,9,23.8125,354398.625,16,0.625,0.533333333333333,"12166182Extrovert",4,2,4,4,2,4
12166182,"complete","completionCode2","A_2PatInt_1AlexExt",2,"Introvert","A","no","A","12166182Introvert",8849,"Introvert",0,0,3,14,14.4705882352941,0,0,11,6,21.7647058823529,308751.941176471,17,0.529411764705882,0.4375,"12166182Introvert",4,1,5,4,2,4
12207478,"complete","completionCode2","A_1AlexExt_2PatInt",2,"Introvert","A","yes","A","12207478Introvert",2593,"Introvert",0,0,7,24,15.9677419354839,0,0,12,19,7.61290322580645,335261.35483871,31,0.516129032258065,0.7,"12207478Introvert",4,3,3,4,2,4
12207478,"complete","completionCode1","A_1AlexExt_2PatInt",1,"Extrovert","A","yes","A","12207478Extrovert",5032,"Extrovert",1,0,3,27,18.1612903225806,0,1,12,18,7.06451612903226,319645.161290323,31,0.645161290322581,0.566666666666667,"12207478Extrovert",4,2,4,4,2,4
12218235,"complete","completionCode2","B_2AlexInt_1PatExt",2,"Introvert","B2","no","B2","12218235Introvert",4643,"Introvert",0,0,9,20,24.2758620689655,1,1,17,10,7.96551724137931,405073.517241379,29,0.448275862068966,0.428571428571429,"12218235Introvert",4,3,3,4,3,4
12218235,"complete","completionCode1","B_2AlexInt_1PatExt",1,"Extrovert","B2","no","B2","12218235Extrovert",5397,"Extrovert",0,0,1,30,21.0967741935484,1,3,11,16,8.64516129032258,347648.741935484,31,0.483870967741935,0.533333333333333,"12218235Extrovert",4,3,2,4,2,4
12219352,"complete","completionCode2","B_1PatExt_2AlexInt",2,"Introvert","B2","yes","B2","12219352Introvert",6893,"Introvert",0,0,5,12,20.8823529411765,3,1,2,11,14.4705882352941,385513.529411765,17,0.764705882352941,0.6875,"12219352Introvert",5,2,4,5,2,5
12219352,"complete","completionCode1","B_1PatExt_2AlexInt",1,"Extrovert","B2","yes","B2","12219352Extrovert",7382,"Extrovert",0,0,1,11,22.3333333333333,2,0,2,8,19.5,405375.5,12,0.75,0.636363636363636,"12219352Extrovert",5,1,5,5,1,5
12219557,"complete","completionCode2","B_2AlexInt_1PatExt",2,"Introvert","B2","no","B2","12219557Introvert",1662,"Introvert",0,0,6,14,17.85,2,1,14,3,13.7,391378.4,20,0.25,0.263157894736842,"12219557Introvert",4,5,2,4,3,5
12219557,"complete","completionCode1","B_2AlexInt_1PatExt",1,"Extrovert","B2","no","B2","12219557Extrovert",9606,"Extrovert",2,0,2,13,24.3529411764706,0,0,14,3,14.6470588235294,398322,17,0.294117647058824,0.25,"12219557Extrovert",5,5,4,4,2,5
12219667,"complete","completionCode1","B_1PatExt_2AlexInt",1,"Extrovert","B2","yes","B2","12219667Extrovert",2264,"Extrovert",0,0,1,30,23.4838709677419,0,0,21,10,6.87096774193548,203392.548387097,31,0.354838709677419,0.333333333333333,"12219667Extrovert",2,4,3,2,4,2
12219667,"complete","completionCode2","B_1PatExt_2AlexInt",2,"Introvert","B2","yes","B2","12219667Introvert",5164,"Introvert",2,1,11,17,26.9677419354839,1,1,28,1,11.741935483871,3847558.64516129,31,0.354838709677419,0.333333333333333,"12219667Introvert",4,2,4,5,2,5
12220463,"complete","completionCode1","B_2AlexInt_1PatExt",1,"Extrovert","B2","no","B2","12220463Extrovert",1091,"Extrovert",0,0,5,14,22,1,2,10,6,14.5789473684211,395692.684210526,19,0.526315789473684,0.5,"12220463Extrovert",4,2,4,4,2,4
12220463,"complete","completionCode2","B_2AlexInt_1PatExt",2,"Introvert","B2","no","B2","12220463Introvert",5822,"Introvert",1,0,15,2,21.8888888888889,2,3,11,2,13.3888888888889,465537.722222222,18,0.611111111111111,0.647058823529412,"12220463Introvert",1,5,1,1,5,1
