Chat ID,Gorilla ID,,Unique IDs
4123,11566059,,11566059
4263,11566059,,11566066
6589,11566066,,11566067
8212,11566066,,11566069
4231,11566067,,11566073
5114,11566067,,11566074
6311,11566069,,11566081
7989,11566069,,11566142
6368,11566073,,11566218
8840,11566073,,11580653
5795,11566074,,11580672
5853,11566074,,11580907
7375,11566081,,11580923
7590,11566081,,11580940
2878,11566142,,11581134
9802,11566142,,11581555
5039,11566218,,11581620
7163,11566218,,11602380
4266,11580653,,11650702
7849,11580653,,11651220
4023,11580672,,11651466
8604,11580672,,11651689
2614,11580907,,11652569
7585,11580907,,11652658
3474,11580923,,11652702
5872,11580923,,11652900
3375,11580940,,11653598
8199,11580940,,11665444
9319,11581134,,11665450
9675,11581134,,11665465
2669,11581555,,11665605
7364,11581555,,11665637
1342,11581620,,11665717
3921,11581620,,11665781
2329,11602380,,11665846
6661,11602380,,11666017
7140,11650702,,11666076
8061,11650702,,11666153
1022,11651220,,11666462
3369,11651220,,11666481
7389,11651466,,11666498
7392,11651466,,11666541
6294,11651689,,11666650
7426,11651689,,11666969
3634,11652569,,11667145
4004,11652569,,11667383
1178,11652658,,11667572
9635,11652658,,11667573
1190,11652702,,11667632
4906,11652702,,11667763
2450,11652900,,11667966
8685,11652900,,11668005
4129,11653598,,11668041
4984,11653598,,11668218
2088,11665444,,11668279
5789,11665444,,11668368
2710,11665450,,11671634
3040,11665450,,11671697
5987,11665465,,11671818
7627,11665465,,11672647
4461,11665605,,11674611
5578,11665605,,11674631
4867,11665637,,11675287
7381,11665637,,11913392
6527,11665717,,11914120
9893,11665717,,11931829
3650,11665781,,11931864
6797,11665781,,11932074
4856,11665846,,11932189
5846,11665846,,11932374
3525,11666017,,11932375
8089,11666017,,11932406
6697,11666076,,11932489
7360,11666076,,11932513
4233,11666153,,11932694
7383,11666153,,11934473
2580,11666462,,11934547
4150,11666462,,11934574
2829,11666481,,11934591
8845,11666481,,11935138
1525,11666498,,11935599
7331,11666498,,11935789
1755,11666541,,11936703
8857,11666541,,11940020
2880,11666650,,11940898
5234,11666650,,11941590
5569,11666969,,12164951
6290,11666969,,12164954
4258,11667145,,12165018
6646,11667145,,12165146
2967,11667383,,12165229
4304,11667383,,12165240
5312,11667572,,12166182
9320,11667572,,12207478
7051,11667573,,12218235
9372,11667573,,12219352
1977,11667632,,12219557
8852,11667632,,12219667
3900,11667763,,12220463
9415,11667763,,
2365,11667966,,
2994,11667966,,
3532,11668005,,
7947,11668005,,
3054,11668041,,
9108,11668041,,
3759,11668218,,
7045,11668218,,
2178,11668279,,
3516,11668279,,
4793,11668368,,
6046,11668368,,
4321,11671634,,
4901,11671634,,
6161,11671697,,
8103,11671697,,
1734,11671818,,
7201,11671818,,
2839,11672647,,
8752,11672647,,
2364,11674611,,
9186,11674611,,
4412,11674631,,
4497,11674631,,
7680,11675287,,
7887,11675287,,
3307,11913392,,
5676,11913392,,
3909,11914120,,
8671,11914120,,
6866,11931829,,
8141,11931829,,
3861,11931864,,
5711,11931864,,
7562,11932074,,
7963,11932074,,
7891,11932189,,
9948,11932189,,
3193,11932374,,
6374,11932374,,
9659,11932375,,
9885,11932375,,
3626,11932406,,
5558,11932406,,
1163,11932489,,
6301,11932489,,
9335,11932513,,
9527,11932513,,
7399,11932694,,
8489,11932694,,
1159,11934473,,
5801,11934473,,
3489,11934547,,
9440,11934547,,
4282,11934574,,
4864,11934574,,
4791,11934591,,
9791,11934591,,
2011,11935138,,
9546,11935138,,
2057,11935599,,
2740,11935599,,
6093,11935789,,
7046,11935789,,
3009,11936703,,
6203,11936703,,
2446,11940020,,
7108,11940020,,
3206,11940898,,
8936,11940898,,
2530,11941590,,
3277,11941590,,
2748,12164951,,
5598,12164951,,
3586,12164954,,
5196,12164954,,
1613,12165018,,
8224,12165018,,
2190,12165146,,
5804,12165146,,
2541,12165229,,
6924,12165229,,
2372,12165240,,
3930,12165240,,
8208,12166182,,
8849,12166182,,
2593,12207478,,
5032,12207478,,
4643,12218235,,
5397,12218235,,
6893,12219352,,
7382,12219352,,
1662,12219557,,
9606,12219557,,
2264,12219667,,
5164,12219667,,
1091,12220463,,
5822,12220463,,