participant_start_time,participant_end_time,participant_gender,prolific_ID,complete_study,Include data,participant_ID,participant_age
1765354515083,1765356137740,2,672be724a1f9a800fcbd3d02,Yes,1,95626,29
1765355034140,1765356532945,2,67c8320847fef3b9ab9bfe4d,Yes,1,38166,47
1765356488616,,1,67605e6a382a3f0292c2c6c5,,,11305,26
1765295075573,1765296366305,1,649d809191fa2e4b6e84c69e,Yes,1,47891,30
1765295289323,1765297210486,2,67a95d468d14bd6324b4bbba,Yes,1,56038,32
1765295085938,1765298229304,2,62b4403257f7d42730f83394,Yes,1,63172,41
1765296474579,1765298342200,2,67e944da95c1ca7712027013,Yes,1,85519,19
1765295110369,1765295729384,2,66cb2e0bd2169db778550269,Yes,1,41827,25
1765353872529,1765355119178,2,5ba104967b196f00019640a1,Yes,1,38027,50
1765354266278,1765355475486,2,63039f41fa5c21d483996be2,Yes,1,23397,44
1765354131815,1765355516472,1,59ff1a23f2e3460001eda6d5,Yes,1,90577,34
1765354482097,1765355552250,2,6108f72b081cf2b1cbde83aa,Yes,1,15183,45
1765353960702,1765355714507,1,66c5ee0d624ca2722eebfa1c,Yes,1,51961,22
1765355318372,,1,57acc170c6bab4000172a42e,,,53399,34
1765355303660,1765356736123,1,591c5b73c3d4f6000105719b,Yes,1,17237,41
1765355137302,1765356748147,2,5e49a1928a2a3f000aa0b802,Yes,1,36243,30
1765355960532,1765356848251,2,57dd186e6598aa0001992616,Yes,1,89173,41
1765356083569,1765357462589,2,6645ead2d999bda561f525ea,Yes,1,17100,22
1765356639444,1765357697743,2,66abb9487518e84e9073fbb3,Yes,1,20579,30
1765356072812,1765357791149,1,5c88cfc680858000011363df,Yes,1,34694,42
1765356443416,1765358013996,1,6658d02b830a00e979619fb8,Yes,1,75922,34
1765356906339,1765358074919,2,5b985404a15058000124e508,Yes,1,61921,32
1765357670535,1765359268430,1,5f0a7dec44c42c19a6c9f6d9,Yes,1,61627,37
1765356267248,1765359506497,1,6709873df4fb8176818d08ed,Yes,1,45547,32
1765359190657,1765360717902,2,675b16f0514be6ed013afa4a,Yes,1,85783,31
1765358217001,1765361720204,2,675625a9b42de5761c03bdd3,Yes,1,78198,47
1765365990321,1765367490512,2,5a75b131eea3d300016ddc70,Yes,1,38159,45
1765360995719,,2,5de3c83c2033793be6591e53,,,93692,42
1765439772313,1765440939701,1,63d3fe76e4e3acc87c79496a,Yes,1,41107,29
1765439759666,1765441003356,2,5ead4b9d7ea9de012323aa7a,Yes,1,16193,28
1765439814881,1765441080818,2,666f76b68b89442817be678a,Yes,1,79527,49
1765439876061,1765441158247,2,66aa8d04719b0f5ef3433e9c,Yes,1,63489,30
1765439949167,1765442539032,1,67694ed279dcc7886422c247,Yes,1,81014,36
1765439671721,1765440511939,2,676acaa010ba72df3ec0d6fb,Yes,1,81447,31
1765439744747,1765440647864,1,692d3151c0cca99302d43a71,Yes,1,74675,23
1765439720232,1765440752011,2,6501b789e3ddbc0a0b79b925,Yes,1,19104,24
1765439844355,1765441232344,1,67f1b8abe144ffdfc27d371a,Yes,1,20964,34
1765440513554,1765441480495,1,67d45859360daf1b062c0275,Yes,1,36958,34
1765439871789,1765441522983,2,5f516a44067fba1b4c562a55,Yes,1,21329,40
1765439798623,1765441620836,2,67e95b4ce056cb97ac8a5c21,Yes,1,59039,30
1765439758318,1765441484388,1,5bcc1fce4249b20001bc99f1,Yes,1,88047,43
1765439823957,1765441767618,2,67e0870d582edce0a2764d1f,Yes,1,25408,28
1765439803161,1765441996739,2,671bbaf1bec15d847b871b9b,Yes,1,87784,33
1765439757193,1765442097761,1,6702f60844f21087e0840e3d,Yes,1,61779,31
1765439890656,1765442093882,1,67e1da8a432675c0e850e8d1,Yes,1,22532,42
1765439958797,1765442192932,1,67d21390af2dd980a764b4a8,Yes,1,44697,25
1765439931943,1765442218841,1,660c9fe7b2e6bf22bcc608b1,Yes,1,84742,32
1765439589820,1765442314897,2,60dca45abca3eb229bafdedf,Yes,1,40254,37
1765439827878,1765442446961,1,5d8e154af2858200171fdb95,Yes,1,96650,39
1765439623502,1765442924261,2,63287c548c0d66d1e300fd64,Yes,1,45555,33
1765440053161,1765443323019,1,67f2e663124c56672ad024e7,Yes,1,27387,33
1765440305161,1765443990039,2,66f0765bb7f6c2ae6ef721ee,Yes,1,55041,42
1765442354522,1765445655882,1,683cbc0c0c2d722831c8bc17,Yes,1,29967,49
1765443937089,1765446083648,2,59b5a275c05bb50001eb3c4b,Yes,1,54428,47
1769030320719,1769033254927,1,683cbc0c0c2d722831c8bc17,Yes,1,17719,49
1774095432614,1774096346323,2,xxxxx,"
","
",75471,43
1765441826720,,1,683cbc0c0c2d722831c8bc17,,,41548,49
1774105765905,,2,xxxxx,,,12210,43
1774106080414,,2,xxxxx,,,37678,43
1774106256464,,2,xxxxx,,,77257,43
1774106824154,,2,xxxxx,,,75327,43
1774178729976,,2,xxxxx,,,10616,43
1774179382268,,2,xxxxx,,,26074,43
1774368005423,1774369625327,2,609911e00dd4843e39cb88ac,Yes,2,44491,29
1774368087274,1774369913206,2,66791803d705a68960cb4976,Yes,2,94585,40
1774368490301,1774370039420,2,69b7468628f5b3a194352249,Yes,2,85044,29
1774368921236,1774370982238,1,69bc14535c8d9a44bc2b5dd3,Yes,2,48329,38
1774368199181,1774369272027,2,69bd60316ed04225bab631a7,Yes,2,99556,30
1774181236886,1774181955008,2,xxxxxx,Yes,1,70170,43
1774219719485,1774220749912,2,xxxx,Yes,1,91450,43
1774106363831,,2,xxxx,,,88671,43
1774366728278,,2,xxxx,,,60253,43
1774371644332,,2,xxxxxx,,,75971,43
1774438731641,1774439940889,1,5ea59ffb9325e15853a82d84,Yes,2,66047,49
1774439361798,1774440572929,2,674d50156061ecc0dad29b9d,Yes,2,77269,36
1774440663648,1774441605750,2,676055469b245b53e81358d0,Yes,2,26279,21
1774438646301,1774441998310,1,69a8547051870baf54ac44bf,Yes,2,50159,26
1774439885721,1774442202307,2,62aa591a476ebabe28612a92,Yes,2,25219,36
1774443059621,1774444423679,1,5d371c527a04ed00018ac1c8,Yes,2,59977,36
1774443168226,1774445117113,1,5a97716fdbdb470001eec94f,Yes,2,74620,40
1774443024756,1774445310265,2,697938c09291ba65dedf7b64,Yes,2,33201,29
1774443320153,1774445318236,1,62d6d77df59450e545fb22f6,Yes,2,14350,38
1774443346239,1774445359245,1,6997ce67398d485a60e72a22,Yes,2,19479,37
1774444478898,1774446086579,1,69baec32864a29f938b9e11e,Yes,2,54819,46
1774444296867,1774446151843,1,67798247d6fc9e510470baef,Yes,2,37491,44
1774443989339,1774446791956,1,5dd06ed53c870a1526a78264,Yes,2,70740,49
1774443380814,1774447406711,2,6637ab2fc7718b737f6c33c0,Yes,2,81586,36
1774443308111,1774447493588,1,5e39fa4332667b2143e1d998,Yes,2,93361,39
1774450323067,,1,698a2bb3a5e95703e36d82e7,,,45727,28
1774450029830,1774451111064,2,5591cd21fdf99b63126f6c60,Yes,2,96556,35
1774450155046,1774451331087,1,60154af277ec314fd8fe1449,Yes,2,92751,28
1774450035453,1774451541322,1,6913777d9baea6f9661ba645,Yes,2,32728,23
1774450233420,1774451890409,1,5e51dc7483c96c2148353e25,Yes,2,56991,38
1774450107988,1774451925458,2,5d776e218a8d1d00166d36a6,Yes,2,58975,35
1774451470478,,1,698a2bb3a5e95703e36d82e7,,,29352,28
1774450212415,1774452460766,1,69c0cd94a7688e0276dc078c,Yes,2,17494,30
1774450681705,1774453350383,1,5dd2da8c9b66eb2e6e34d829,Yes,2,67891,45
1774450473920,1774454296002,1,6723ade314fe787a4740f43b,Yes,2,19240,49
1774453660043,1774454591113,2,69aa0cf0a8509497415990a6,Yes,2,93782,20
1774451954140,1774455630187,1,5cf6ee10d5478e0001da72bd,Yes,2,82433,41
1774465232200,1774466116238,2,69beddef130e4b750f5a4823,Yes,2,44870,20
1774465287218,1774466237508,1,676083fbda0965892553cd66,Yes,2,50541,"38

"
1774465424372,1774466821863,1,6913757aae0da25ca51bdb7b,Yes,2,79005,39
1774465319668,1774466909916,2,62fd14d7b1e0729dc8aadb79,Yes,2,75552,34
1774465302249,1774467080834,2,65bbf83dbe0f27e1a871bf48,Yes,2,81111,32
1774465575450,1774467127229,3,5d352f8bb02857001963539a,Yes,2,68822,25
1774465280911,1774467353221,1,671a3ac3dada5efe6d439698,Yes,2,80875,35
1774466034616,1774467468297,2,69b0493a3aae0e99c06fdea3,Yes,2,93033,29
1774465245601,1774467662211,1,5eb2a0328224d30188d4d477,Yes,2,85343,34
1774465758189,1774468812026,1,69b724d59123dc39df5cf970,Yes,2,99790,36
1774471746681,1774472579373,1,69a24557e155c9e443b0f74b,Yes,2,87601,20
1774471686576,1774472958591,1,691cd0a261d7064af0b96599,Yes,2,74198,21
1774472205274,,2,667871d17d7fdf0358f82a28,,,26434,46
1774472151207,1774473446934,2,67c73f42a027c0523088f830,Yes,2,67439,27
1774471694284,1774473491884,2,6994ba324907f041e5c966ae,Yes,2,55009,47
1774471854428,1774474015226,1,69ad860cc17fb203314f6195,Yes,2,49650,20
1774471901626,1774474290386,1,67356f7cf6ff16fe3322a837,Yes,2,61621,39
1774472219659,1774475168070,1,65d863e56337aa59292ccd66,Yes,2,93300,34
1774472159515,1774475187010,2,6985f024a99cba17a4316a30,Yes,2,86866,20
1774472674697,1774475740450,2,691fac570f5670f43e5efb23,Yes,2,75715,42
1774474746337,1774476832166,1,69a9f43fe73fe41e69252803,Yes,2,76190,36